{
  "method": "ours",
  "num_images": 3,
  "bts_mean": 0.4869104325771332,
  "bts_std": 0.028308792039752007,
  "bts_median": 0.4715450406074524,
  "bts_min": 0.46257731318473816,
  "bts_max": 0.5266088843345642,
  "params": {
    "r": 5,
    "alpha": 1.0,
    "beta": 0.4,
    "eps": 1e-06,
    "tau": 1.0,
    "boundary_stride": 2,
    "sdf_blur_sigma": 1.0
  }
}