{
  "method": "paste",
  "num_images": 30,
  "bts_mean": 0.23250438272953033,
  "bts_std": 0.059900689870119095,
  "bts_median": 0.20577967166900635,
  "bts_min": 0.1520402580499649,
  "bts_max": 0.35638555884361267,
  "params": {
    "r": 5,
    "alpha": 1.0,
    "beta": 0.4,
    "eps": 1e-06,
    "tau": 1.0,
    "boundary_stride": 2,
    "sdf_blur_sigma": 1.0
  }
}